Model,Accuracy,AUC Score,Precision,Recall,F1 Score,MCC
Logistic Regression,0.9736842105263158,0.99737962659679,0.9722222222222222,0.9859154929577465,0.9790209790209791,0.9438975339262832
Decision Tree,0.9473684210526315,0.9439895185063871,0.9577464788732394,0.9577464788732394,0.9577464788732394,0.8879790370127744
K-Nearest Neighbor,0.9473684210526315,0.9819849328529315,0.9577464788732394,0.9577464788732394,0.9577464788732394,0.8879790370127744
Gaussian Naive Bayes,0.9649122807017544,0.9973796265967901,0.958904109589041,0.9859154929577465,0.9722222222222222,0.9252853920667758
Random Forest,0.9649122807017544,0.995250573206682,0.958904109589041,0.9859154929577465,0.9722222222222222,0.9252853920667758
XGBoost,0.956140350877193,0.9908286930887652,0.9583333333333334,0.971830985915493,0.965034965034965,0.9063785942932301
